022791473,insured,claimant
024277614,insured,claimant
022882300,insured,claimant
023769780,insured,claimant
022837955,insured,claimant
021540154,insured,claimant
022909271,insured,claimant
024060053,insured,claimant
022909320,insured,claimant
022922895,insured,claimant
022923105,insured,claimant
022836342,insured,claimant
022909622,insured,claimant
022909690,insured,claimant
022940870,insured,claimant
022861725,insured,claimant
022881927,insured,claimant
022728123,insured,claimant
022955557,insured,claimant
022975129,insured,claimant
022940312,insured,claimant
022873039,insured,claimant
022791330,insured,claimant
022910007,insured,claimant
022940748,insured,claimant
022911135,insured,claimant
022940706,insured,claimant
022913309,insured,claimant
022940640,insured,claimant
022872766,insured,claimant
022914392,insured,claimant
022882192,insured,claimant
022909739,insured,claimant
022836801,insured,claimant
022909341,insured,claimant
022881909,insured,claimant
022923241,insured,claimant
022728206,insured,claimant
022983521,insured,claimant
022553789,insured,claimant
023428237,insured,claimant
022881990,insured,claimant
023869797,insured,claimant
022801627,insured,claimant
023619245,insured,claimant
022909177,insured,claimant
023785956,insured,claimant
022626557,insured,claimant
023619258,insured,claimant
022909311,insured,claimant
022983510,insured,claimant
022909406,insured,claimant
023162810,insured,claimant
022955438,insured,claimant
025716927,insured,claimant
022923159,insured,claimant
022991329,insured,claimant
022924594,insured,claimant
023137250,insured,claimant
022953858,insured,claimant
023362849,insured,claimant
022940926,insured,claimant
025795934,insured,claimant
022810751,insured,claimant
025603439,insured,claimant
022954276,insured,claimant
025436565,insured,claimant
022955399,insured,claimant
023104650,insured,claimant
022836539,insured,claimant
023117890,insured,claimant
022953876,insured,claimant
023116232,insured,claimant
022954146,insured,claimant
023116385,insured,claimant
022955331,insured,claimant
023027415,insured,claimant
022983469,insured,claimant
022984039,insured,claimant
022955545,insured,claimant
023025948,insured,claimant
022954203,insured,claimant
023016601,insured,claimant
023427901,insured,claimant
022991509,insured,claimant
023160854,insured,claimant
022995446,insured,claimant
025561173,insured,claimant
022997686,insured,claimant
022922887,insured,claimant
022992001,insured,claimant
022954017,insured,claimant
023005212,insured,claimant
022954069,insured,claimant
023005432,insured,claimant
022940649,insured,claimant
023005444,insured,claimant
022955446,insured,claimant
023064331,insured,claimant
022953755,insured,claimant
023018137,insured,claimant
022800400,insured,claimant
023078401,insured,claimant
022923264,insured,claimant
023016729,insured,claimant
022924614,insured,claimant
023016899,insured,claimant
022923439,insured,claimant
023078126,insured,claimant
022940883,insured,claimant
023116755,insured,claimant
022686408,insured,claimant
023102889,insured,claimant
022924589,insured,claimant
023102826,insured,claimant
022927749,insured,claimant
023117862,insured,claimant
022942150,insured,claimant
023090829,insured,claimant
022728014,insured,claimant
023090974,insured,claimant
022940645,insured,claimant
023016611,insured,claimant
022953803,insured,claimant
023016306,insured,claimant
022955356,insured,claimant
022992088,insured,claimant
022953834,insured,claimant
022991731,insured,claimant
022915428,insured,claimant
022991998,insured,claimant
022909828,insured,claimant
022991834,insured,claimant
022915454,insured,claimant
022991952,insured,claimant
022909855,insured,claimant
022991371,insured,claimant
022923037,insured,claimant
023016403,insured,claimant
022922794,insured,claimant
023005196,insured,claimant
022800229,insured,claimant
023006805,insured,claimant
022909920,insured,claimant
022991379,insured,claimant
022909940,insured,claimant
022995507,insured,claimant
022923407,insured,claimant
023170488,insured,claimant
022912229,insured,claimant
023209657,insured,claimant
022923121,insured,claimant
023201765,insured,claimant
022923468,insured,claimant
023222985,insured,claimant
022909541,insured,claimant
023209452,insured,claimant
022928823,insured,claimant
023037314,insured,claimant
022954133,insured,claimant
023161066,insured,claimant
022801748,insured,claimant
023090716,insured,claimant
022955522,insured,claimant
023026008,insured,claimant
025744560,insured,claimant
023064391,insured,claimant
023170492,insured,claimant
023078419,insured,claimant
024277615,insured,claimant
023079844,insured,claimant
023427777,insured,claimant
023161053,insured,claimant
025189105,insured,claimant
023070885,insured,claimant
022976264,insured,claimant
023161188,insured,claimant
022975196,insured,claimant
023117886,insured,claimant
025626540,insured,claimant
023150858,insured,claimant
023619212,insured,claimant
023136476,insured,claimant
023252843,insured,claimant
023136917,insured,claimant
022991548,insured,claimant
023136907,insured,claimant
023427853,insured,claimant
023193448,insured,claimant
024267484,insured,claimant
023209545,insured,claimant
023619224,insured,claimant
023193374,insured,claimant
023615102,insured,claimant
023161257,insured,claimant
023619203,insured,claimant
023209404,insured,claimant
024260301,insured,claimant
023172037,insured,claimant
023005419,insured,claimant
023209748,insured,claimant
023370850,insured,claimant
023179641,insured,claimant
023615100,insured,claimant
023118051,insured,claimant
023427971,insured,claimant
023211073,insured,claimant
023427791,insured,claimant
023152230,insured,claimant
023428104,insured,claimant
023136831,insured,claimant
024051377,insured,claimant
023137006,insured,claimant
023427920,insured,claimant
023038708,insured,claimant
022983561,insured,claimant
023137214,insured,claimant
023676131,insured,claimant
023068471,insured,claimant
023676133,insured,claimant
023090495,insured,claimant
023427928,insured,claimant
023211183,insured,claimant
025716943,insured,claimant
023213336,insured,claimant
022983666,insured,claimant
023181363,insured,claimant
023428037,insured,claimant
023223195,insured,claimant
022983686,insured,claimant
023234655,insured,claimant
025521411,insured,claimant
023234798,insured,claimant
023714329,insured,claimant
023163016,insured,claimant
023642501,insured,claimant
023223056,insured,claimant
023428250,insured,claimant
023243757,insured,claimant
023540234,insured,claimant
023064670,insured,claimant
024004532,insured,claimant
023047206,insured,claimant
024051371,insured,claimant
023078179,insured,claimant
023767556,insured,claimant
023223376,insured,claimant
025779132,insured,claimant
023066345,insured,claimant
024267471,insured,claimant
023027724,insured,claimant
022983990,insured,claimant
023223115,insured,claimant
022983943,insured,claimant
023116207,insured,claimant
024260296,insured,claimant
023181417,insured,claimant
023745996,insured,claimant
023116432,insured,claimant
022983900,insured,claimant
023179861,insured,claimant
022983882,insured,claimant
023192189,insured,claimant
023619204,insured,claimant
023161389,insured,claimant
022983920,insured,claimant
023179603,insured,claimant
023004992,insured,claimant
023179613,insured,claimant
022984046,insured,claimant
023068522,insured,claimant
025687713,insured,claimant
023224886,insured,claimant
024552049,insured,claimant
023243644,insured,claimant
024222844,insured,claimant
023211147,insured,claimant
024222492,insured,claimant
023137406,insured,claimant
023026193,insured,claimant
023172205,insured,claimant
024775660,insured,claimant
023150715,insured,claimant
023826460,insured,claimant
023117996,insured,claimant
024313484,insured,claimant
023037467,insured,claimant
023107894,insured,claimant
023129161,insured,claimant
023092359,insured,claimant
023129083,insured,claimant
023116673,insured,claimant
023025772,insured,claimant
023102812,insured,claimant
023068431,insured,claimant
023117969,insured,claimant
023064619,insured,claimant
023118186,insured,claimant
023048552,insured,claimant
023118098,insured,claimant
023103208,insured,claimant
023104471,insured,claimant
023027411,insured,claimant
023092179,insured,claimant
023038925,insured,claimant
023116523,insured,claimant
023150905,insured,claimant
023103211,insured,claimant
023170651,insured,claimant
023103395,insured,claimant
023181282,insured,claimant
023103109,insured,claimant
023171896,insured,claimant
022991244,insured,claimant
023172240,insured,claimant
023116464,insured,claimant
023128897,insured,claimant
023018459,insured,claimant
023066192,insured,claimant
023018096,insured,claimant
023068546,insured,claimant
023078218,insured,claimant
023070736,insured,claimant
023078514,insured,claimant
023348555,insured,claimant
022983949,insured,claimant
023317799,insured,claimant
023006794,insured,claimant
023316720,insured,claimant
023025919,insured,claimant
023381089,insured,claimant
023025654,insured,claimant
023356826,insured,claimant
022997803,insured,claimant
023282869,insured,claimant
023004980,insured,claimant
023276764,insured,claimant
022991631,insured,claimant
023267932,insured,claimant
023078597,insured,claimant
023267987,insured,claimant
022983954,insured,claimant
023269065,insured,claimant
022984064,insured,claimant
023283318,insured,claimant
022983980,insured,claimant
023264629,insured,claimant
022991493,insured,claimant
023282903,insured,claimant
022991330,insured,claimant
023267980,insured,claimant
022983864,insured,claimant
023245313,insured,claimant
022983788,insured,claimant
023283082,insured,claimant
022992044,insured,claimant
023283035,insured,claimant
023005077,insured,claimant
023292444,insured,claimant
023018259,insured,claimant
023277299,insured,claimant
023016367,insured,claimant
023278461,insured,claimant
022991525,insured,claimant
023282865,insured,claimant
022991686,insured,claimant
023326418,insured,claimant
022991910,insured,claimant
023291184,insured,claimant
022991996,insured,claimant
023327012,insured,claimant
023047217,insured,claimant
023293663,insured,claimant
023016492,insured,claimant
023312968,insured,claimant
023005048,insured,claimant
023313393,insured,claimant
023006742,insured,claimant
023312552,insured,claimant
023008062,insured,claimant
023278494,insured,claimant
022994370,insured,claimant
023312949,insured,claimant
022997778,insured,claimant
023371171,insured,claimant
023018141,insured,claimant
023313215,insured,claimant
022997669,insured,claimant
023372662,insured,claimant
023016342,insured,claimant
023313459,insured,claimant
023025972,insured,claimant
023361759,insured,claimant
022997810,insured,claimant
023318891,insured,claimant
023006806,insured,claimant
023326653,insured,claimant
023078202,insured,claimant
023315627,insured,claimant
023027357,insured,claimant
023380434,insured,claimant
023025958,insured,claimant
023382548,insured,claimant
023090648,insured,claimant
023381024,insured,claimant
023056992,insured,claimant
023381081,insured,claimant
023027471,insured,claimant
023389942,insured,claimant
023025713,insured,claimant
023372416,insured,claimant
023016590,insured,claimant
023389953,insured,claimant
023037006,insured,claimant
023390336,insured,claimant
023116306,insured,claimant
023370321,insured,claimant
023027588,insured,claimant
023348507,insured,claimant
023078244,insured,claimant
023348538,insured,claimant
023080198,insured,claimant
023382255,insured,claimant
023037246,insured,claimant
023382312,insured,claimant
023038731,insured,claimant
023254820,insured,claimant
023078230,insured,claimant
023245379,insured,claimant
023078499,insured,claimant
023268001,insured,claimant
023078733,insured,claimant
023269035,insured,claimant
023079905,insured,claimant
023276560,insured,claimant
023037496,insured,claimant
023283414,insured,claimant
023038812,insured,claimant
023296926,insured,claimant
023092302,insured,claimant
023291144,insured,claimant
023025793,insured,claimant
023276961,insured,claimant
023103100,insured,claimant
023326845,insured,claimant
023103147,insured,claimant
023313437,insured,claimant
023037146,insured,claimant
023280562,insured,claimant
023027585,insured,claimant
023326752,insured,claimant
023026133,insured,claimant
023328197,insured,claimant
023104677,insured,claimant
023356368,insured,claimant
023025975,insured,claimant
023338890,insured,claimant
023104472,insured,claimant
023338936,insured,claimant
023117910,insured,claimant
023356157,insured,claimant
023104556,insured,claimant
023358461,insured,claimant
023104601,insured,claimant
023363046,insured,claimant
023027339,insured,claimant
023356536,insured,claimant
023090874,insured,claimant
023363108,insured,claimant
023027536,insured,claimant
023370639,insured,claimant
023037120,insured,claimant
023370883,insured,claimant
022996544,insured,claimant
023390039,insured,claimant
022995441,insured,claimant
023372440,insured,claimant
023006926,insured,claimant
023371232,insured,claimant
023016627,insured,claimant
023269203,insured,claimant
023018129,insured,claimant
023281693,insured,claimant
024404205,insured,claimant
023356591,insured,claimant
023016691,insured,claimant
023380282,insured,claimant
023016720,insured,claimant
023359627,insured,claimant
022991682,insured,claimant
023276934,insured,claimant
022991808,insured,claimant
023371007,insured,claimant
022991406,insured,claimant
023370332,insured,claimant
022992037,insured,claimant
023358570,insured,claimant
022993273,insured,claimant
023380284,insured,claimant
022995475,insured,claimant
023269176,insured,claimant
022994353,insured,claimant
023243839,insured,claimant
022983978,insured,claimant
023253386,insured,claimant
023005587,insured,claimant
023276927,insured,claimant
022997722,insured,claimant
023267914,insured,claimant
022997792,insured,claimant
023269030,insured,claimant
022997782,insured,claimant
023263437,insured,claimant
022991639,insured,claimant
023243926,insured,claimant
023004988,insured,claimant
023277039,insured,claimant
023005070,insured,claimant
023253074,insured,claimant
023016434,insured,claimant
023267962,insured,claimant
023016461,insured,claimant
023253349,insured,claimant
022991589,insured,claimant
023264522,insured,claimant
023016474,insured,claimant
023276888,insured,claimant
023016912,insured,claimant
023267973,insured,claimant
022995488,insured,claimant
023269061,insured,claimant
023006915,insured,claimant
023277020,insured,claimant
023016586,insured,claimant
023276977,insured,claimant
023018389,insured,claimant
023269169,insured,claimant
022983755,insured,claimant
023254875,insured,claimant
022983890,insured,claimant
023264471,insured,claimant
022983850,insured,claimant
023254797,insured,claimant
023201775,insured,claimant
023264542,insured,claimant
023201783,insured,claimant
023326435,insured,claimant
023209419,insured,claimant
023277229,insured,claimant
023223072,insured,claimant
023276555,insured,claimant
023223088,insured,claimant
023276575,insured,claimant
023209272,insured,claimant
023296942,insured,claimant
023209604,insured,claimant
023277094,insured,claimant
023209646,insured,claimant
023267999,insured,claimant
023170517,insured,claimant
023278427,insured,claimant
023201705,insured,claimant
023340300,insured,claimant
023170426,insured,claimant
023269140,insured,claimant
023201866,insured,claimant
023380469,insured,claimant
023191915,insured,claimant
023380639,insured,claimant
023209457,insured,claimant
023392239,insured,claimant
023172072,insured,claimant
023399987,insured,claimant
023170528,insured,claimant
023390684,insured,claimant
023047259,insured,claimant
023380760,insured,claimant
023172108,insured,claimant
023391867,insured,claimant
023172159,insured,claimant
023348807,insured,claimant
023209537,insured,claimant
023370415,insured,claimant
023057039,insured,claimant
023370906,insured,claimant
023037094,insured,claimant
023326272,insured,claimant
023211138,insured,claimant
023267900,insured,claimant
023223264,insured,claimant
023269154,insured,claimant
023201654,insured,claimant
025779756,insured,claimant
023201865,insured,claimant
023236070,insured,claimant
023079994,insured,claimant
023356307,insured,claimant
023037367,insured,claimant
023371087,insured,claimant
023056989,insured,claimant
023371099,insured,claimant
023037601,insured,claimant
023326940,insured,claimant
023090640,insured,claimant
023281732,insured,claimant
023038711,insured,claimant
023282916,insured,claimant
023025852,insured,claimant
023326882,insured,claimant
023037064,insured,claimant
023276649,insured,claimant
023037025,insured,claimant
023357117,insured,claimant
023047340,insured,claimant
023380844,insured,claimant
023143040,insured,claimant
023372758,insured,claimant
023090614,insured,claimant
023380421,insured,claimant
023038666,insured,claimant
023391966,insured,claimant
023150871,insured,claimant
023392055,insured,claimant
023078427,insured,claimant
023381071,insured,claimant
023078625,insured,claimant
023382309,insured,claimant
023152550,insured,claimant
023382604,insured,claimant
023064428,insured,claimant
023400157,insured,claimant
023026038,insured,claimant
023400160,insured,claimant
023090926,insured,claimant
023357216,insured,claimant
023047375,insured,claimant
023400104,insured,claimant
023150621,insured,claimant
023356967,insured,claimant
023152452,insured,claimant
023401586,insured,claimant
023079829,insured,claimant
023401851,insured,claimant
023108941,insured,claimant
023409111,insured,claimant
023079888,insured,claimant
023401871,insured,claimant
023150507,insured,claimant
023409113,insured,claimant
023160983,insured,claimant
023399863,insured,claimant
023161118,insured,claimant
023392293,insured,claimant
023161148,insured,claimant
024051390,insured,claimant
023080005,insured,claimant
023410253,insured,claimant
023179633,insured,claimant
023619233,insured,claimant
023136665,insured,claimant
023401578,insured,claimant
023079992,insured,claimant
023392236,insured,claimant
023127444,insured,claimant
023400196,insured,claimant
023127715,insured,claimant
023409149,insured,claimant
023092301,insured,claimant
023454808,insured,claimant
023116754,insured,claimant
024549933,insured,claimant
023116761,insured,claimant
023619248,insured,claimant
023137063,insured,claimant
023846766,insured,claimant
023211241,insured,claimant
023757011,insured,claimant
023150984,insured,claimant
023910061,insured,claimant
023117984,insured,claimant
024051400,insured,claimant
023090858,insured,claimant
025793998,insured,claimant
023139673,insured,claimant
023510052,insured,claimant
023213337,insured,claimant
023540510,insured,claimant
023092137,insured,claimant
025746252,insured,claimant
023138492,insured,claimant
023484817,insured,claimant
023172248,insured,claimant
023496749,insured,claimant
023192129,insured,claimant
023495660,insured,claimant
023172026,insured,claimant
023454677,insured,claimant
023214383,insured,claimant
023427893,insured,claimant
023138514,insured,claimant
023428695,insured,claimant
023142969,insured,claimant
023483277,insured,claimant
023090914,insured,claimant
023472351,insured,claimant
023192095,insured,claimant
023428951,insured,claimant
023136499,insured,claimant
023428026,insured,claimant
023201789,insured,claimant
023452681,insured,claimant
023137393,insured,claimant
023428507,insured,claimant
023137400,insured,claimant
023483676,insured,claimant
023150948,insured,claimant
023429294,insured,claimant
023180147,insured,claimant
023429417,insured,claimant
023181259,insured,claimant
023462306,insured,claimant
023092131,insured,claimant
023432802,insured,claimant
023209129,insured,claimant
023462738,insured,claimant
023170197,insured,claimant
023510543,insured,claimant
023162804,insured,claimant
023464356,insured,claimant
023201890,insured,claimant
023511983,insured,claimant
023209167,insured,claimant
023472168,insured,claimant
023209947,insured,claimant
023522724,insured,claimant
023209951,insured,claimant
023523173,insured,claimant
023209968,insured,claimant
023428113,insured,claimant
023215570,insured,claimant
023483375,insured,claimant
023065006,insured,claimant
023452906,insured,claimant
023162829,insured,claimant
023428112,insured,claimant
023116275,insured,claimant
023521263,insured,claimant
023152495,insured,claimant
023551613,insured,claimant
023152512,insured,claimant
023540473,insured,claimant
023152551,insured,claimant
023472107,insured,claimant
023152556,insured,claimant
023452604,insured,claimant
023193436,insured,claimant
023452366,insured,claimant
023181305,insured,claimant
023452390,insured,claimant
023162940,insured,claimant
023429401,insured,claimant
023150407,insured,claimant
023471886,insured,claimant
023068477,insured,claimant
023444960,insured,claimant
023150843,insured,claimant
023432773,insured,claimant
023162868,insured,claimant
023453121,insured,claimant
023139630,insured,claimant
023462681,insured,claimant
023140782,insured,claimant
023497975,insured,claimant
023070887,insured,claimant
023472090,insured,claimant
023172148,insured,claimant
023495694,insured,claimant
023209346,insured,claimant
023485200,insured,claimant
023057068,insured,claimant
023497991,insured,claimant
023172045,insured,claimant
023453000,insured,claimant
023179534,insured,claimant
023454525,insured,claimant
023118044,insured,claimant
023498333,insured,claimant
023118080,insured,claimant
023521195,insured,claimant
023211081,insured,claimant
023496234,insured,claimant
023201648,insured,claimant
023472390,insured,claimant
023201657,insured,claimant
023495672,insured,claimant
023026078,insured,claimant
023473536,insured,claimant
023152210,insured,claimant
023559899,insured,claimant
023047343,insured,claimant
023550091,insured,claimant
023038675,insured,claimant
023540761,insured,claimant
023038820,insured,claimant
023540875,insured,claimant
023179595,insured,claimant
023540616,insured,claimant
023064999,insured,claimant
023560065,insured,claimant
023047253,insured,claimant
023540501,insured,claimant
023038799,insured,claimant
023549815,insured,claimant
023037051,insured,claimant
023549909,insured,claimant
023048509,insured,claimant
023429080,insured,claimant
023078203,insured,claimant
023454779,insured,claimant
023066249,insured,claimant
023442677,insured,claimant
023136895,insured,claimant
023462096,insured,claimant
023161338,insured,claimant
023484758,insured,claimant
023079901,insured,claimant
023471803,insured,claimant
023092194,insured,claimant
023442767,insured,claimant
023064425,insured,claimant
023432799,insured,claimant
023066346,insured,claimant
023485124,insured,claimant
023078413,insured,claimant
023462267,insured,claimant
023047428,insured,claimant
023452352,insured,claimant
023025834,insured,claimant
023444306,insured,claimant
023136802,insured,claimant
023444457,insured,claimant
023138489,insured,claimant
023454456,insured,claimant
023137005,insured,claimant
023523280,insured,claimant
023136565,insured,claimant
023495878,insured,claimant
023065086,insured,claimant
023444659,insured,claimant
023091004,insured,claimant
023540303,insured,claimant
023064724,insured,claimant
023510283,insured,claimant
023128847,insured,claimant
023540563,insured,claimant
023137115,insured,claimant
023540605,insured,claimant
023070808,insured,claimant
023522868,insured,claimant
023137209,insured,claimant
023532428,insured,claimant
023127566,insured,claimant
023532822,insured,claimant
023161081,insured,claimant
023530749,insured,claimant
023179900,insured,claimant
023549902,insured,claimant
023150373,insured,claimant
023568099,insured,claimant
023142961,insured,claimant
023568043,insured,claimant
023080016,insured,claimant
023540198,insured,claimant
023150364,insured,claimant
023567619,insured,claimant
023090955,insured,claimant
023452541,insured,claimant
023127698,insured,claimant
023483685,insured,claimant
023150840,insured,claimant
023452759,insured,claimant
023161226,insured,claimant
023473952,insured,claimant
023068505,insured,claimant
023434953,insured,claimant
023103357,insured,claimant
023473854,insured,claimant
023136861,insured,claimant
023560235,insured,claimant
023181470,insured,claimant
023484963,insured,claimant
023090747,insured,claimant
023430641,insured,claimant
023179953,insured,claimant
023483342,insured,claimant
023152591,insured,claimant
023444596,insured,claimant
023162634,insured,claimant
023454713,insured,claimant
023102890,insured,claimant
023471738,insured,claimant
023172050,insured,claimant
023512007,insured,claimant
023118077,insured,claimant
023483506,insured,claimant
023161064,insured,claimant
023429123,insured,claimant
023162641,insured,claimant
023540631,insured,claimant
023137003,insured,claimant
023484958,insured,claimant
023162780,insured,claimant
023560317,insured,claimant
023162838,insured,claimant
023496648,insured,claimant
023137140,insured,claimant
023498229,insured,claimant
023064676,insured,claimant
023560401,insured,claimant
023139731,insured,claimant
023464293,insured,claimant
023139676,insured,claimant
023567686,insured,claimant
023181620,insured,claimant
023510732,insured,claimant
023152172,insured,claimant
023540408,insured,claimant
023068502,insured,claimant
023531343,insured,claimant
025730600,insured,claimant
023497941,insured,claimant
023065129,insured,claimant
023560122,insured,claimant
023066208,insured,claimant
023473991,insured,claimant
023104642,insured,claimant
023521314,insured,claimant
023116500,insured,claimant
023559830,insured,claimant
023116575,insured,claimant
023568726,insured,claimant
023137329,insured,claimant
023532830,insured,claimant
023170480,insured,claimant
023495921,insured,claimant
023236252,insured,claimant
023540810,insured,claimant
023180146,insured,claimant
023542135,insured,claimant
023222956,insured,claimant
023567750,insured,claimant
023234375,insured,claimant
023531072,insured,claimant
023234804,insured,claimant
023567830,insured,claimant
023243647,insured,claimant
023568660,insured,claimant
023234435,insured,claimant
023549923,insured,claimant
023234572,insured,claimant
023452993,insured,claimant
023209383,insured,claimant
023453110,insured,claimant
023236021,insured,claimant
023444873,insured,claimant
023234442,insured,claimant
023428295,insured,claimant
023064659,insured,claimant
023464105,insured,claimant
023038841,insured,claimant
023512583,insured,claimant
023224983,insured,claimant
023497914,insured,claimant
023234371,insured,claimant
023454805,insured,claimant
023116782,insured,claimant
023471903,insured,claimant
023181332,insured,claimant
023498347,insured,claimant
023064597,insured,claimant
023512304,insured,claimant
023201847,insured,claimant
023483643,insured,claimant
023047242,insured,claimant
023432804,insured,claimant
023161245,insured,claimant
023521161,insured,claimant
023152476,insured,claimant
023510322,insured,claimant
023047258,insured,claimant
023498068,insured,claimant
023064728,insured,claimant
023530671,insured,claimant
023048570,insured,claimant
023530616,insured,claimant
023181343,insured,claimant
023483452,insured,claimant
023143028,insured,claimant
023530876,insured,claimant
023047349,insured,claimant
