RECIPIENTNUMBER,
2499,Guaranteed Repair Network Shop
3015,Guaranteed Repair Network Shop
3511,Guaranteed Repair Network Shop
5011,Guaranteed Repair Network Shop
5013,Guaranteed Repair Network Shop
5735,Guaranteed Repair Network Shop
7992,Guaranteed Repair Network Shop
8014,Guaranteed Repair Network Shop
8022,Guaranteed Repair Network Shop
8024,Guaranteed Repair Network Shop
8825,Guaranteed Repair Network Shop
9696,Guaranteed Repair Network Shop
10048,Guaranteed Repair Network Shop
10261,Guaranteed Repair Network Shop
10421,Guaranteed Repair Network Shop
10624,Guaranteed Repair Network Shop
10634,Guaranteed Repair Network Shop
10645,Guaranteed Repair Network Shop
10666,Guaranteed Repair Network Shop
10723,Guaranteed Repair Network Shop
10862,Guaranteed Repair Network Shop
10870,Guaranteed Repair Network Shop
10892,Guaranteed Repair Network Shop
10923,Guaranteed Repair Network Shop
11134,Guaranteed Repair Network Shop
11383,Guaranteed Repair Network Shop
11550,Guaranteed Repair Network Shop
11640,Guaranteed Repair Network Shop
11650,Guaranteed Repair Network Shop
11651,Guaranteed Repair Network Shop
11652,Guaranteed Repair Network Shop
11653,Guaranteed Repair Network Shop
11655,Guaranteed Repair Network Shop
11657,Guaranteed Repair Network Shop
11658,Guaranteed Repair Network Shop
11662,Guaranteed Repair Network Shop
11665,Guaranteed Repair Network Shop
11666,Guaranteed Repair Network Shop
11667,Guaranteed Repair Network Shop
11671,Guaranteed Repair Network Shop
11673,Guaranteed Repair Network Shop
11674,Guaranteed Repair Network Shop
11676,Guaranteed Repair Network Shop
11677,Guaranteed Repair Network Shop
11684,Guaranteed Repair Network Shop
11689,Guaranteed Repair Network Shop
11690,Guaranteed Repair Network Shop
11693,Guaranteed Repair Network Shop
11696,Guaranteed Repair Network Shop
11699,Guaranteed Repair Network Shop
11709,Guaranteed Repair Network Shop
11711,Guaranteed Repair Network Shop
11777,Guaranteed Repair Network Shop
11784,Guaranteed Repair Network Shop
11787,Guaranteed Repair Network Shop
11788,Guaranteed Repair Network Shop
11789,Guaranteed Repair Network Shop
11792,Guaranteed Repair Network Shop
12099,Guaranteed Repair Network Shop
12106,Guaranteed Repair Network Shop
12111,Guaranteed Repair Network Shop
12118,Guaranteed Repair Network Shop
12119,Guaranteed Repair Network Shop
12122,Guaranteed Repair Network Shop
12123,Guaranteed Repair Network Shop
12132,Guaranteed Repair Network Shop
12238,Guaranteed Repair Network Shop
12972,Guaranteed Repair Network Shop
13094,Guaranteed Repair Network Shop
13168,Guaranteed Repair Network Shop
13868,Guaranteed Repair Network Shop
14023,Guaranteed Repair Network Shop
14354,Guaranteed Repair Network Shop
14679,Guaranteed Repair Network Shop
14745,Guaranteed Repair Network Shop
15560,Guaranteed Repair Network Shop
15576,Guaranteed Repair Network Shop
16079,Guaranteed Repair Network Shop
21740,Guaranteed Repair Network Shop
21958,Guaranteed Repair Network Shop
22920,Guaranteed Repair Network Shop
24746,Guaranteed Repair Network Shop
24932,Guaranteed Repair Network Shop
25030,Guaranteed Repair Network Shop
25684,Guaranteed Repair Network Shop
27756,Guaranteed Repair Network Shop
28166,Guaranteed Repair Network Shop
28840,Guaranteed Repair Network Shop
28898,Guaranteed Repair Network Shop
30117,Guaranteed Repair Network Shop
30725,Guaranteed Repair Network Shop
30912,Guaranteed Repair Network Shop
