025603439,Insured,pr
025561173,Insured,auto
025436565,Insured,pr
025626540,Insured,auto
025461315,Insured,pr
025521411,Insured,auto
025464677,Insured,pr
025687713,Insured,auto
025701158,Insured,pr
025401841,Insured,auto
025585661,Insured,pr
025388881,Insured,auto
025550075,Insured,pr
025537810,Insured,auto
025640826,Insured,pr
025386579,Insured,auto
025384405,Insured,pr
025450820,Insured,auto
025598721,Insured,pr
025450508,Insured,auto
025537372,Insured,pr
025535393,Insured,auto
025702070,Insured,pr
025616510,Insured,auto
025600572,Insured,pr
025559423,Insured,auto
025537365,Insured,pr
025640855,Insured,auto
025401614,Insured,pr
025599688,Insured,auto
025400109,Insured,pr
025706038,Insured,auto
025691471,Insured,pr
025562670,Insured,auto
025472554,Insured,pr
025384961,Insured,auto
025472347,Insured,pr
025474637,Insured,auto
025385592,Insured,pr
025475933,Insured,auto
025575620,Insured,pr
025369981,Insured,auto
025536780,Insured,pr
025374203,Insured,auto
025690036,Insured,pr
025523531,Insured,auto
025410452,Insured,pr
025460094,Insured,auto
025451653,Insured,pr
025549730,Insured,auto
025434755,Insured,pr
025602812,Insured,auto
025451358,Insured,pr
025386758,Insured,auto
025459045,Insured,pr
025372704,Insured,auto
025447015,Insured,pr
025486134,Insured,auto
025411685,Insured,pr
025533708,Insured,auto
025412223,Insured,pr
025616069,Insured,auto
025437449,Insured,pr
025385415,Insured,auto
025433576,Insured,pr
025523512,Insured,auto
025388713,Insured,auto
025388592,Insured,pr
025654325,Insured,auto
025413926,Insured,pr
025549912,Insured,auto
025399741,Insured,pr
025641469,Insured,auto
025461886,Insured,pr
025705571,Insured,auto
025464422,Insured,pr
025464741,Insured,pr
025627310,Insured,auto
025464753,Insured,pr
025629623,Insured,auto
025472018,Insured,pr
025525256,Insured,auto
025386696,Insured,pr
025401308,Insured,auto
025387985,Insured,pr
025545600,Insured,auto
025388573,Insured,pr
025473211,Insured,auto
025397267,Insured,pr
025473020,Insured,auto
025464246,Insured,pr
025385188,Insured,auto
025371197,Insured,pr
025401798,Insured,auto
025369835,Insured,pr
025612827,Insured,auto
025372432,Insured,pr
025575961,Insured,auto
025388304,Insured,pr
025536502,Insured,auto
025369888,Insured,pr
025654297,Insured,auto
025369652,Insured,pr
025476209,Insured,auto
025388342,Insured,pr
025401321,Insured,auto
025369635,Insured,pr
025546927,Insured,auto
025385046,Insured,pr
025652154,Insured,auto
025372278,Insured,pr
025612677,Insured,auto
025370765,Insured,pr
025640774,Insured,auto
025374906,Insured,pr
025547732,Insured,auto
025384147,Insured,pr
025460983,Insured,auto
025384148,Insured,pr
025460988,Insured,auto
025399728,Insured,pr
025432007,Insured,auto
025374448,Insured,pr
025574424,Insured,auto
025384406,Insured,pr
025573388,Insured,auto
025371058,Insured,pr
025571662,Insured,auto
025397608,Insured,pr
025547446,Insured,auto
025374174,Insured,pr
025384029,Insured,auto
025369513,Insured,pr
025686422,Insured,auto
025384094,Insured,pr
025549705,Insured,auto
025386908,Insured,pr
025533714,Insured,auto
025402165,Insured,pr
025388859,Insured,auto
025398779,Insured,pr
025614005,Insured,auto
025403225,Insured,pr
025533747,Insured,auto
025374566,Insured,pr
025533753,Insured,auto
025370164,Insured,pr
025627496,Insured,auto
025446003,Insured,auto
025389880,Insured,pr
025601320,Insured,auto
025384357,Insured,pr
025401354,Insured,auto
025399500,Insured,pr
025611775,Insured,auto
025411460,Insured,pr
025613999,Insured,auto
025446239,Insured,pr
025537366,Insured,auto
025386461,Insured,pr
025472552,Insured,auto
025537363,Insured,auto
025388097,Insured,pr
025533221,Insured,auto
025388596,Insured,pr
025629482,Insured,auto
025397606,Insured,pr
025654635,Insured,auto
025410542,Insured,pr
025654614,Insured,auto
025375959,Insured,pr
025687859,Insured,auto
025384744,Insured,pr
025687862,Insured,auto
025384996,Insured,pr
025687864,Insured,auto
025402378,Insured,pr
025398352,Insured,auto
025386518,Insured,pr
025445951,Insured,auto
025388903,Insured,pr
025560410,Insured,auto
025372397,Insured,pr
025497911,Insured,auto
025437179,Insured,pr
025561479,Insured,auto
025450090,Insured,pr
025370341,Insured,auto
025389902,Insured,pr
025445965,Insured,auto
025399578,Insured,pr
025432260,Insured,auto
025402777,Insured,pr
025700933,Insured,auto
025369839,Insured,pr
025460541,Insured,auto
025402534,Insured,pr
025461697,Insured,auto
025372972,Insured,pr
025473571,Insured,auto
025376047,Insured,pr
025386156,Insured,auto
025437347,Insured,pr
025386215,Insured,auto
025411936,Insured,pr
025400138,Insured,auto
025411417,Insured,pr
025401636,Insured,auto
025460137,Insured,pr
025402869,Insured,auto
025388155,Insured,pr
025445902,Insured,auto
025388368,Insured,pr
025446130,Insured,auto
025432626,Insured,pr
025446153,Insured,auto
025434945,Insured,pr
025446225,Insured,auto
025370502,Insured,pr
025438533,Insured,auto
025372286,Insured,pr
025446650,Insured,auto
025459471,Insured,pr
025446787,Insured,auto
025369869,Insured,pr
025446858,Insured,auto
025371070,Insured,pr
025446875,Insured,auto
025375345,Insured,pr
025447426,Insured,auto
025359366,Insured,pr
025432781,Insured,auto
025359731,Insured,pr
025434200,Insured,auto
025423976,Insured,pr
025434390,Insured,auto
025459404,Insured,pr
025434586,Insured,auto
025447325,Insured,pr
025434761,Insured,auto
025386675,Insured,pr
025451573,Insured,auto
025445929,Insured,pr
025451670,Insured,auto
025413521,Insured,pr
025459017,Insured,auto
025411496,Insured,pr
025385165,Insured,auto
025432677,Insured,pr
025385931,Insured,auto
025460383,Insured,pr
025386172,Insured,auto
025401554,Insured,pr
025388146,Insured,auto
025371898,Insured,pr
025432510,Insured,auto
025435003,Insured,pr
025433066,Insured,auto
025371433,Insured,pr
025434012,Insured,auto
025371481,Insured,pr
025436841,Insured,auto
025472235,Insured,pr
025398691,Insured,auto
025402179,Insured,pr
025414263,Insured,auto
025473222,Insured,pr
025414266,Insured,auto
025459993,Insured,pr
025414287,Insured,auto
025460435,Insured,pr
025446078,Insured,auto
025463663,Insured,pr
025446168,Insured,auto
025446176,Insured,auto
025359542,Insured,pr
025446219,Insured,auto
025423219,Insured,pr
025460812,Insured,auto
025438556,Insured,pr
025460967,Insured,auto
025371260,Insured,pr
025460979,Insured,auto
025434071,Insured,pr
025461040,Insured,auto
025459562,Insured,pr
025463444,Insured,auto
025461368,Insured,pr
025463524,Insured,auto
025371549,Insured,pr
025463900,Insured,auto
025446813,Insured,pr
025464001,Insured,auto
025437380,Insured,pr
025402448,Insured,auto
025371039,Insured,pr
025402523,Insured,auto
025389105,Insured,pr
025402690,Insured,auto
025370632,Insured,pr
025472441,Insured,auto
025450701,Insured,pr
025473626,Insured,auto
025450964,Insured,pr
025473970,Insured,auto
025389347,Insured,pr
025370513,Insured,auto
025401931,Insured,pr
025388700,Insured,auto
025459879,Insured,pr
025388730,Insured,auto
025473817,Insured,pr
025388780,Insured,auto
025433266,Insured,pr
025410667,Insured,auto
025460425,Insured,pr
025410686,Insured,auto
025433638,Insured,pr
025412002,Insured,auto
025385230,Insured,pr
025437506,Insured,auto
025375059,Insured,pr
025437700,Insured,auto
025389662,Insured,pr
025437839,Insured,auto
025438578,Insured,pr
025432952,Insured,auto
025401680,Insured,pr
025433433,Insured,auto
025437101,Insured,pr
025433693,Insured,auto
025461758,Insured,pr
025434440,Insured,auto
025461888,Insured,pr
025437099,Insured,auto
025372476,Insured,pr
025438113,Insured,auto
025423223,Insured,pr
025451466,Insured,auto
025423679,Insured,pr
025451558,Insured,auto
025385871,Insured,pr
025459057,Insured,auto
025388645,Insured,pr
025459126,Insured,auto
025460875,Insured,pr
025461905,Insured,auto
025461083,Insured,pr
025463144,Insured,auto
025384614,Insured,pr
025463536,Insured,auto
025438361,Insured,pr
025461728,Insured,auto
025461849,Insured,auto
025451334,Insured,pr
025461912,Insured,auto
025463164,Insured,pr
025463719,Insured,auto
025431845,Insured,pr
025463916,Insured,auto
025435206,Insured,pr
025464169,Insured,auto
025472617,Insured,pr
025437961,Insured,auto
025472710,Insured,pr
025437989,Insured,auto
025402772,Insured,pr
025390024,Insured,auto
025473745,Insured,pr
025390034,Insured,auto
025473984,Insured,pr
025372365,Insured,auto
025474070,Insured,pr
025400031,Insured,auto
025474363,Insured,pr
025400056,Insured,auto
025389706,Insured,pr
025400168,Insured,auto
025400093,Insured,pr
025401606,Insured,auto
025399119,Insured,pr
025401608,Insured,auto
025437166,Insured,pr
025434990,Insured,auto
025450454,Insured,pr
025435223,Insured,auto
025401657,Insured,pr
025447095,Insured,auto
025460481,Insured,pr
025448274,Insured,auto
025385809,Insured,pr
025464277,Insured,auto
025434206,Insured,pr
025464282,Insured,auto
025461111,Insured,pr
025464336,Insured,auto
025369105,Insured,pr
025464395,Insured,auto
025399243,Insured,pr
025464434,Insured,auto
025434574,Insured,pr
025464450,Insured,auto
025434646,Insured,pr
025369352,Insured,auto
025434656,Insured,pr
025397454,Insured,auto
025434822,Insured,pr
025411722,Insured,auto
025446196,Insured,pr
025412066,Insured,auto
025446740,Insured,pr
025412090,Insured,auto
025446791,Insured,pr
025413516,Insured,auto
025447107,Insured,pr
025414050,Insured,auto
025433961,Insured,pr
025434446,Insured,pr
025401476,Insured,auto
025459435,Insured,pr
025447865,Insured,auto
025460321,Insured,pr
025463572,Insured,pr
025448726,Insured,auto
025435244,Insured,pr
025449996,Insured,auto
025437890,Insured,pr
025450062,Insured,auto
025473011,Insured,pr
025450196,Insured,auto
025473026,Insured,pr
025459234,Insured,auto
025433637,Insured,pr
025459338,Insured,auto
025474169,Insured,pr
025459571,Insured,auto
025369172,Insured,pr
025461701,Insured,auto
025451668,Insured,pr
025464160,Insured,auto
025464328,Insured,pr
025464555,Insured,auto
025472620,Insured,pr
025389938,Insured,auto
025473045,Insured,pr
025464575,Insured,auto
025461520,Insured,pr
025464612,Insured,auto
025435055,Insured,pr
025412099,Insured,auto
025386591,Insured,pr
025412171,Insured,auto
025388865,Insured,pr
025412243,Insured,auto
025447758,Insured,pr
025471952,Insured,auto
025476278,Insured,pr
025388548,Insured,auto
025369461,Insured,pr
025397319,Insured,auto
025447259,Insured,pr
025447358,Insured,auto
025486967,Insured,pr
025451141,Insured,auto
025489096,Insured,pr
025432027,Insured,auto
025473003,Insured,pr
025464291,Insured,auto
025485715,Insured,pr
025464384,Insured,auto
025486024,Insured,pr
025464430,Insured,auto
025487333,Insured,pr
025464509,Insured,auto
025488698,Insured,pr
025448756,Insured,auto
025488870,Insured,pr
025451379,Insured,auto
025438521,Insured,pr
025472044,Insured,auto
025500687,Insured,pr
025472053,Insured,auto
025501252,Insured,pr
025472064,Insured,auto
025501265,Insured,pr
025472081,Insured,auto
025509502,Insured,pr
025368964,Insured,auto
025509504,Insured,pr
025368971,Insured,auto
025509506,Insured,pr
025372254,Insured,auto
025509584,Insured,pr
025383617,Insured,auto
025509977,Insured,pr
025383626,Insured,auto
025433504,Insured,pr
025370092,Insured,auto
025511215,Insured,pr
025401679,Insured,auto
025511322,Insured,pr
025369232,Insured,auto
025511330,Insured,pr
025374971,Insured,auto
025489613,Insured,pr
025370982,Insured,auto
025518954,Insured,pr
025375570,Insured,auto
025490117,Insured,pr
025375646,Insured,auto
025375630,Insured,pr
025385504,Insured,auto
025371255,Insured,pr
025372960,Insured,auto
025435093,Insured,pr
025384396,Insured,auto
025370175,Insured,pr
025385272,Insured,auto
025370792,Insured,pr
025689435,Insured,auto
025359954,Insured,pr
025369185,Insured,auto
025402110,Insured,pr
025372307,Insured,auto
025370967,Insured,pr
025372429,Insured,auto
025371100,Insured,pr
025372441,Insured,auto
025369303,Insured,pr
025385529,Insured,auto
025383904,Insured,pr
025386279,Insured,auto
025402190,Insured,pr
025388199,Insured,auto
025386417,Insured,pr
025371604,Insured,auto
025368980,Insured,pr
025386896,Insured,auto
025461690,Insured,pr
025398681,Insured,auto
025475851,Insured,pr
025399486,Insured,auto
025389785,Insured,pr
025371325,Insured,auto
025398271,Insured,pr
025375359,Insured,auto
025423786,Insured,pr
025383893,Insured,auto
025371078,Insured,pr
025386166,Insured,auto
025374632,Insured,pr
025388011,Insured,auto
025369710,Insured,pr
025388276,Insured,auto
025432749,Insured,pr
025369200,Insured,auto
025434588,Insured,pr
025375809,Insured,pr
025402102,Insured,auto
025434354,Insured,pr
025402187,Insured,auto
025459049,Insured,pr
025402564,Insured,auto
025411037,Insured,pr
025402649,Insured,auto
025413401,Insured,pr
025436905,Insured,auto
025437158,Insured,pr
025370541,Insured,auto
025519484,Insured,pr
025369290,Insured,auto
025370949,Insured,pr
025369660,Insured,auto
025519035,Insured,pr
025372310,Insured,auto
025519162,Insured,pr
025374200,Insured,auto
025435033,Insured,pr
025451272,Insured,pr
025373057,Insured,auto
025370582,Insured,pr
025374364,Insured,auto
025413546,Insured,pr
025374482,Insured,auto
025376155,Insured,pr
025372995,Insured,auto
025383801,Insured,pr
025387987,Insured,auto
025432938,Insured,pr
025370220,Insured,auto
025385325,Insured,pr
025370247,Insured,auto
025384149,Insured,pr
025388426,Insured,auto
025472800,Insured,pr
025388709,Insured,auto
025386102,Insured,pr
025431778,Insured,auto
025386563,Insured,pr
025431906,Insured,auto
025388969,Insured,pr
025432270,Insured,auto
025389002,Insured,pr
025437130,Insured,auto
025432486,Insured,pr
025438110,Insured,auto
025432603,Insured,pr
025438320,Insured,auto
025397314,Insured,pr
025370205,Insured,auto
025485336,Insured,pr
025371579,Insured,auto
025386312,Insured,pr
025384211,Insured,auto
025485716,Insured,pr
025386445,Insured,auto
025375384,Insured,pr
025389763,Insured,auto
025370811,Insured,pr
025389825,Insured,auto
025461066,Insured,pr
025389868,Insured,auto
025389873,Insured,auto
025471929,Insured,pr
025369591,Insured,auto
025399200,Insured,pr
025369249,Insured,auto
025460380,Insured,pr
025370038,Insured,auto
025489522,Insured,pr
025370695,Insured,auto
025489528,Insured,pr
025371153,Insured,auto
025489543,Insured,pr
025368972,Insured,auto
025383857,Insured,pr
025437230,Insured,auto
025384329,Insured,pr
025437237,Insured,auto
025375494,Insured,pr
025437357,Insured,auto
025372375,Insured,pr
025437384,Insured,auto
025385933,Insured,pr
025438387,Insured,auto
025485984,Insured,pr
025369063,Insured,auto
025388576,Insured,pr
025369263,Insured,auto
025398458,Insured,pr
025387989,Insured,auto
025476618,Insured,pr
025388175,Insured,auto
025460929,Insured,pr
025388930,Insured,auto
025461676,Insured,pr
025385303,Insured,auto
025388115,Insured,auto
025432629,Insured,pr
025388725,Insured,auto
025489638,Insured,pr
025369630,Insured,auto
025389837,Insured,pr
025370946,Insured,auto
025472179,Insured,pr
025371392,Insured,auto
025472954,Insured,pr
025375189,Insured,auto
025499104,Insured,pr
025383798,Insured,auto
025383832,Insured,auto
025376274,Insured,pr
025372617,Insured,auto
025386730,Insured,pr
025371727,Insured,auto
025389161,Insured,pr
025371876,Insured,auto
025389734,Insured,pr
025372941,Insured,auto
025397409,Insured,pr
025373017,Insured,auto
025471930,Insured,pr
025374420,Insured,auto
025374991,Insured,pr
025384049,Insured,auto
025411487,Insured,pr
025384151,Insured,auto
025411508,Insured,pr
025384871,Insured,auto
025385378,Insured,pr
025398215,Insured,auto
025385211,Insured,pr
025432630,Insured,auto
025434687,Insured,pr
025432704,Insured,auto
025437059,Insured,pr
025374615,Insured,auto
025488620,Insured,pr
025383955,Insured,auto
025486351,Insured,pr
025369301,Insured,auto
025399078,Insured,pr
025370058,Insured,auto
025411067,Insured,pr
025370232,Insured,auto
025485694,Insured,pr
025375502,Insured,auto
025372921,Insured,pr
025384843,Insured,auto
025397411,Insured,pr
025397690,Insured,auto
025385734,Insured,pr
025450304,Insured,auto
025484721,Insured,pr
025383620,Insured,auto
025433362,Insured,pr
025384009,Insured,auto
025460258,Insured,pr
025385244,Insured,auto
025446599,Insured,pr
025398361,Insured,auto
025472417,Insured,pr
025398994,Insured,auto
025413713,Insured,pr
025400002,Insured,auto
025520407,Insured,pr
025402987,Insured,auto
025519053,Insured,pr
025403106,Insured,auto
025509554,Insured,pr
025411106,Insured,auto
025446974,Insured,pr
025397609,Insured,auto
025433603,Insured,pr
025398210,Insured,auto
025433659,Insured,pr
025372270,Insured,auto
025402701,Insured,pr
025374915,Insured,auto
025403204,Insured,pr
025375694,Insured,auto
025369634,Insured,pr
025376107,Insured,auto
025359249,Insured,pr
025376226,Insured,auto
025473805,Insured,pr
025384126,Insured,auto
025433493,Insured,pr
025369042,Insured,auto
025369309,Insured,auto
025446535,Insured,pr
025369455,Insured,auto
025509509,Insured,pr
025369602,Insured,auto
025509517,Insured,pr
025372898,Insured,auto
025422829,Insured,pr
025384683,Insured,auto
025424229,Insured,pr
025386200,Insured,auto
025424322,Insured,pr
025388158,Insured,auto
025476676,Insured,pr
025397560,Insured,auto
025476836,Insured,pr
025372781,Insured,auto
025476978,Insured,pr
025385237,Insured,auto
025438419,Insured,pr
025385836,Insured,auto
025486028,Insured,pr
025438514,Insured,auto
025474552,Insured,pr
025447934,Insured,auto
025476334,Insured,pr
025372821,Insured,auto
025359298,Insured,pr
025386007,Insured,auto
025359364,Insured,pr
025389024,Insured,auto
025359548,Insured,pr
025389528,Insured,auto
025519898,Insured,pr
025398199,Insured,auto
025520370,Insured,pr
025401803,Insured,auto
025361600,Insured,pr
025402167,Insured,auto
025433745,Insured,pr
025414196,Insured,auto
025472637,Insured,pr
025397788,Insured,auto
025372010,Insured,pr
025399525,Insured,auto
025485812,Insured,pr
025410471,Insured,auto
025472247,Insured,pr
025410496,Insured,auto
025490091,Insured,pr
025410523,Insured,auto
025490092,Insured,pr
025369480,Insured,auto
025498209,Insured,pr
025372359,Insured,auto
025498440,Insured,pr
025372613,Insured,auto
025488856,Insured,pr
025399111,Insured,auto
025489335,Insured,pr
025372300,Insured,auto
025461671,Insured,pr
025375060,Insured,auto
025383611,Insured,pr
025384629,Insured,auto
025388916,Insured,pr
025385214,Insured,auto
025388946,Insured,pr
025386174,Insured,auto
025400073,Insured,pr
025397440,Insured,auto
025463514,Insured,pr
025385198,Insured,auto
025447083,Insured,pr
025386665,Insured,auto
025436796,Insured,pr
025389311,Insured,auto
025461008,Insured,pr
025375941,Insured,auto
025461377,Insured,pr
025384065,Insured,auto
025524073,Insured,pr
025385280,Insured,auto
025489572,Insured,pr
025383968,Insured,auto
025384186,Insured,auto
025459375,Insured,pr
025386295,Insured,auto
025519997,Insured,pr
025388020,Insured,auto
025520038,Insured,pr
025388448,Insured,auto
025388591,Insured,auto
025520086,Insured,pr
025386059,Insured,auto
025361253,Insured,pr
025388556,Insured,auto
025371061,Insured,pr
025520635,Insured,pr
025446688,Insured,auto
025520656,Insured,pr
025388934,Insured,auto
025521230,Insured,pr
025389177,Insured,auto
025521237,Insured,pr
025389899,Insured,auto
025432578,Insured,pr
025372104,Insured,auto
025433146,Insured,pr
025373023,Insured,auto
025461635,Insured,pr
025384493,Insured,auto
025423281,Insured,pr
025384521,Insured,auto
025463609,Insured,pr
025397328,Insured,auto
025359269,Insured,pr
025397584,Insured,auto
025359408,Insured,pr
025399521,Insured,auto
025489627,Insured,pr
025399647,Insured,auto
025473455,Insured,pr
025402908,Insured,auto
025497866,Insured,pr
025413448,Insured,auto
025474451,Insured,pr
025413452,Insured,auto
025474481,Insured,pr
025450802,Insured,auto
025388988,Insured,pr
025451369,Insured,auto
025473504,Insured,pr
025384088,Insured,auto
025473849,Insured,pr
025384091,Insured,auto
025477141,Insured,pr
025384192,Insured,auto
025432472,Insured,pr
025369395,Insured,auto
025432508,Insured,pr
025369866,Insured,auto
025433393,Insured,pr
025383706,Insured,auto
025461457,Insured,pr
025386245,Insured,auto
025472545,Insured,pr
025386354,Insured,auto
025519021,Insured,pr
025388054,Insured,auto
025437500,Insured,pr
025388071,Insured,auto
025472851,Insured,pr
025369134,Insured,auto
025489207,Insured,pr
025370343,Insured,auto
025432841,Insured,auto
025459919,Insured,pr
025435234,Insured,auto
025449977,Insured,pr
025413530,Insured,auto
025519202,Insured,pr
025446594,Insured,auto
025371043,Insured,pr
025386515,Insured,auto
025489855,Insured,pr
025386618,Insured,auto
025489609,Insured,pr
025386710,Insured,auto
025450726,Insured,pr
025389976,Insured,auto
025451514,Insured,pr
025385667,Insured,auto
025520727,Insured,pr
025386625,Insured,auto
025520931,Insured,pr
025389030,Insured,auto
025520945,Insured,pr
025372788,Insured,auto
025519684,Insured,pr
025372865,Insured,auto
025368838,Insured,pr
025384660,Insured,auto
025368841,Insured,pr
025384698,Insured,auto
025369190,Insured,pr
025386641,Insured,auto
025433655,Insured,pr
025388211,Insured,auto
025474352,Insured,pr
025389694,Insured,auto
025487003,Insured,pr
025397379,Insured,auto
025490180,Insured,pr
025401966,Insured,auto
025509562,Insured,pr
025432427,Insured,auto
025447453,Insured,pr
025437096,Insured,auto
025464757,Insured,pr
025446702,Insured,auto
025510822,Insured,pr
025446746,Insured,auto
025472472,Insured,pr
025386508,Insured,auto
025518821,Insured,pr
025388316,Insured,auto
025476003,Insured,pr
025401877,Insured,auto
025519064,Insured,pr
025451547,Insured,auto
025519065,Insured,pr
025459417,Insured,auto
025474185,Insured,pr
025460874,Insured,auto
025489933,Insured,pr
025461154,Insured,auto
025519431,Insured,pr
025461609,Insured,auto
025519435,Insured,pr
025374192,Insured,auto
025519370,Insured,pr
025384249,Insured,auto
025376312,Insured,pr
025384881,Insured,auto
025386797,Insured,pr
025386288,Insured,auto
025510948,Insured,pr
025397718,Insured,auto
025520137,Insured,pr
025398044,Insured,auto
025520257,Insured,pr
025398107,Insured,auto
